Summary,Issue key,Issue id,Issue Type,Status,Project key,Project name,Project type,Project lead,Project lead id,Project description,Project url,Priority,Resolution,Assignee,Assignee Id,Reporter,Reporter Id,Creator,Creator Id,Created,Updated,Last Viewed,Resolved,Due date,Votes,Description,Environment,Watchers,Watchers Id,Original estimate,Remaining Estimate,Time Spent,Work Ratio,Σ Original Estimate,Σ Remaining Estimate,Σ Time Spent,Security Level,Inward issue link (Relates),Inward issue link (Relates),Inward issue link (Relates),Outward issue link (Relates),Outward issue link (Relates),Custom field (Actual end),Custom field (Actual start),Custom field (Change reason),Custom field (Change risk),Custom field (Change type),Custom field (Compass),Custom field (Development),Custom field (Epic Color),Custom field (Epic Link),Epic Link Summary,Custom field (Epic Name),Custom field (Epic Status),Custom field (Impact),Custom field (Issue color),Custom field (Locked forms),Custom field (Open forms),Custom field (Rank),Custom field (Request Type),Sprint,Custom field (Start date),Custom field (Story Points),Custom field (Story point estimate),Custom field (Submitted forms),Custom field (Target end),Custom field (Target start),Custom field (Team),Custom field (Total forms),Custom field ([CHART] Date of First Response),Status Category
Increase Number of Products in Basket Feature Does not Properly,CS-55,10072,Bug,In Progress,CS,Cloth Shop,software,Kokosz,712020:db1a0d50-6911-4364-8eba-7aea2f3a676f,,,Medium,,Kokosz,712020:db1a0d50-6911-4364-8eba-7aea2f3a676f,Kokosz,712020:db1a0d50-6911-4364-8eba-7aea2f3a676f,Kokosz,712020:db1a0d50-6911-4364-8eba-7aea2f3a676f,14/May/23 2:36 PM,14/May/23 2:46 PM,14/May/23 3:40 PM,,,0,"*Description:* The Increase Number of Products in Basket feature on the website is not working as expected, after reloading page.

*Steps to Reproduce:*

# Go to the cloth subpage and add any product.
# Navigate to basket.
# Click to increase number of products.
# Reload page.

*Expected Result*: The number of products in the basket should increase. The updated number should be reflected accurately on the basket subpage.

*Actual Result:* After reloading a page number of products is set to 1.",,Kokosz,712020:db1a0d50-6911-4364-8eba-7aea2f3a676f,,,,,,,,,CS-53,CS-54,,,,,,,,,,{},,CS-25,Managing User Basket,,,,,,,0|i000dj:,,,,,,,,,,,,In Progress
Increase Number of Products in Basket Test,CS-54,10071,Test case,FAILED,CS,Cloth Shop,software,Kokosz,712020:db1a0d50-6911-4364-8eba-7aea2f3a676f,,,Medium,,Kokosz,712020:db1a0d50-6911-4364-8eba-7aea2f3a676f,Kokosz,712020:db1a0d50-6911-4364-8eba-7aea2f3a676f,Kokosz,712020:db1a0d50-6911-4364-8eba-7aea2f3a676f,14/May/23 2:31 PM,14/May/23 2:37 PM,14/May/23 2:46 PM,,,0,"*Test Objective:* To verify that the number of products in the basket increases correctly when products are added.

*Test Steps:*

# Navigate to the product catalog subpage.
# Add a product to the basket.
# Navigate to the basket subpage.
# Increase number of product previously added
# Refresh the page
# Verify the updated number of products in the basket.

*Expected Result:* The number of products in the basket should increase. The updated number should be reflected accurately on the basket subpage.",,Kokosz,712020:db1a0d50-6911-4364-8eba-7aea2f3a676f,,,,,,,,,,,,CS-53,CS-55,,,,,,,{},,CS-25,Managing User Basket,,,,,,,0|i000d7:,,,,,,,,,,,,In Progress
Increase Number of Products on Basket Subpage,CS-53,10070,New Feature,In Review,CS,Cloth Shop,software,Kokosz,712020:db1a0d50-6911-4364-8eba-7aea2f3a676f,,,Medium,,Kokosz,712020:db1a0d50-6911-4364-8eba-7aea2f3a676f,Kokosz,712020:db1a0d50-6911-4364-8eba-7aea2f3a676f,Kokosz,712020:db1a0d50-6911-4364-8eba-7aea2f3a676f,14/May/23 2:25 PM,14/May/23 2:37 PM,14/May/23 2:35 PM,,,0,,,Kokosz,712020:db1a0d50-6911-4364-8eba-7aea2f3a676f,,,,,,,,,CS-54,,,CS-55,,,,,,,,{},,CS-25,Managing User Basket,,,,,,,0|i00090:6,,,,,,,,,,,,In Progress
Remove from Basket Feature Not Functioning Properly,CS-52,10069,Bug,In Progress,CS,Cloth Shop,software,Kokosz,712020:db1a0d50-6911-4364-8eba-7aea2f3a676f,,,Medium,,Kokosz,712020:db1a0d50-6911-4364-8eba-7aea2f3a676f,Kokosz,712020:db1a0d50-6911-4364-8eba-7aea2f3a676f,Kokosz,712020:db1a0d50-6911-4364-8eba-7aea2f3a676f,14/May/23 2:20 PM,14/May/23 2:28 PM,14/May/23 2:39 PM,,,0,"*Description:* The Remove from Basket feature on the website is not working as expected. When the user clicks on the trash icon to remove a product, nothing happens. The product only disappears from the basket after the page is reloaded.

*Steps to Reproduce:*

# Go to the cloth subpage and add any product.
# Navigate to basket.
# Click on the trash icon to remove a product.

*Expected Result*: Upon clicking the trash icon, the selected product should be immediately removed from the basket without requiring a page reload.

*Actual Result:* After clicking the trash icon, the product does not get removed instantly. The product only disappears from the basket after the page is reloaded.",,Kokosz,712020:db1a0d50-6911-4364-8eba-7aea2f3a676f,,,,,,,,,,,,CS-29,CS-47,,,,,,,{},,CS-25,Managing User Basket,,,,,,,0|i000db:,,,,,,,,,,,,In Progress
User Invalid Password Login Test,CS-51,10068,Test case,Closed,CS,Cloth Shop,software,Kokosz,712020:db1a0d50-6911-4364-8eba-7aea2f3a676f,,,Medium,,Kokosz,712020:db1a0d50-6911-4364-8eba-7aea2f3a676f,Kokosz,712020:db1a0d50-6911-4364-8eba-7aea2f3a676f,Kokosz,712020:db1a0d50-6911-4364-8eba-7aea2f3a676f,14/May/23 2:17 PM,14/May/23 2:18 PM,14/May/23 2:18 PM,,,0,"*Test objective:* To verify that a registered user can successfully login to the website 

*Test steps:*

# Navigate to the login page
# Enter valid username and invalid password
# Click on the login button 

*Expected result:* The “Wrong Password“ message should appear.",,Kokosz,712020:db1a0d50-6911-4364-8eba-7aea2f3a676f,,,,,,,,,,,,CS-10,,,,,,,,{},,CS-7,User Authentication,,,,,,,0|i000d3:,,,,,,,,,,,,Done
User Invalid Username Login Test,CS-50,10067,Test case,Closed,CS,Cloth Shop,software,Kokosz,712020:db1a0d50-6911-4364-8eba-7aea2f3a676f,,,Medium,,Kokosz,712020:db1a0d50-6911-4364-8eba-7aea2f3a676f,Kokosz,712020:db1a0d50-6911-4364-8eba-7aea2f3a676f,Kokosz,712020:db1a0d50-6911-4364-8eba-7aea2f3a676f,14/May/23 2:15 PM,14/May/23 2:17 PM,14/May/23 2:17 PM,,,0,"*Test objective:* To verify that a registered user can successfully login to the website 

*Test steps:*

# Navigate to the login page
# Enter invalid username
# Click on the login button 

*Expected result:* The “Wrong Username“ message should appear.",,Kokosz,712020:db1a0d50-6911-4364-8eba-7aea2f3a676f,,,,,,,,,,,,CS-10,,,,,,,,{},,CS-7,User Authentication,,,,,,,0|i000cv:,,,,,,,,,,,,Done
Adding Product to Basket from Product Subpage Test,CS-49,10066,Test case,Open,CS,Cloth Shop,software,Kokosz,712020:db1a0d50-6911-4364-8eba-7aea2f3a676f,,,Medium,,Kokosz,712020:db1a0d50-6911-4364-8eba-7aea2f3a676f,Kokosz,712020:db1a0d50-6911-4364-8eba-7aea2f3a676f,Kokosz,712020:db1a0d50-6911-4364-8eba-7aea2f3a676f,09/May/23 3:00 PM,14/May/23 2:48 PM,14/May/23 2:48 PM,,,0,"T*est objective:* To verify that the user is able to add a product from a poduct subpage to the basket successfully.

*Test steps:*

# Load the product subpage.
# Click on a product
# Click on the ""Add to Basket"" button.
# Navigate to the basket subpage. 

*Expected result:* The product should be added to the basket and the basket subpage should reflect the added product. ",,Kokosz,712020:db1a0d50-6911-4364-8eba-7aea2f3a676f,,,,,,,,,,,,CS-33,CS-31,,,,,,,{},,CS-30,Subpage for Every Product,,,,,,,0|i0009q:b,,,,,,,,,,,,To Do
Load Product Subpage Test,CS-48,10065,Test case,Open,CS,Cloth Shop,software,Kokosz,712020:db1a0d50-6911-4364-8eba-7aea2f3a676f,,,Medium,,Kokosz,712020:db1a0d50-6911-4364-8eba-7aea2f3a676f,Kokosz,712020:db1a0d50-6911-4364-8eba-7aea2f3a676f,Kokosz,712020:db1a0d50-6911-4364-8eba-7aea2f3a676f,09/May/23 2:58 PM,14/May/23 11:32 AM,14/May/23 3:40 PM,,,0,"*Test objective:* To verify that the Product Subpage loads correctly

*Test steps:*

# Load the product subpage.
# Click on a product
# Wait for the Product Subpage to load completely.

*Expected result:* Product Subpage is displayed correctly",,Kokosz,712020:db1a0d50-6911-4364-8eba-7aea2f3a676f,,,,,,,,,,,,,,,,,,,,{},,CS-30,Subpage for Every Product,,,,,,,0|i0009q:a,,,,,,,,,,,,To Do
Removing Product from Basket Test,CS-47,10064,Test case,FAILED,CS,Cloth Shop,software,Kokosz,712020:db1a0d50-6911-4364-8eba-7aea2f3a676f,,,Medium,,Kokosz,712020:db1a0d50-6911-4364-8eba-7aea2f3a676f,Kokosz,712020:db1a0d50-6911-4364-8eba-7aea2f3a676f,Kokosz,712020:db1a0d50-6911-4364-8eba-7aea2f3a676f,09/May/23 1:52 PM,14/May/23 2:28 PM,14/May/23 2:28 PM,,,0,"*Test objective:* To verify if a product can be removed from the basket.

*Test steps:*

# Navigate to the product subpage.
# Click on the ""Add to Basket"" button.
# Navigate to the basket subpage.
# Click on the ""Trash"" button next to the added product.

*Expected result*: The product should be removed from the basket",,Kokosz,712020:db1a0d50-6911-4364-8eba-7aea2f3a676f,,,,,,,,,CS-52,,,CS-29,,,,,,,,{},,CS-25,Managing User Basket,,,,,,,0|i00090:9d,,Managin Basket,,,,,,,,,,In Progress
Adding Product to Basket Test,CS-46,10063,Test case,PASSED,CS,Cloth Shop,software,Kokosz,712020:db1a0d50-6911-4364-8eba-7aea2f3a676f,,,Medium,,Kokosz,712020:db1a0d50-6911-4364-8eba-7aea2f3a676f,Kokosz,712020:db1a0d50-6911-4364-8eba-7aea2f3a676f,Kokosz,712020:db1a0d50-6911-4364-8eba-7aea2f3a676f,09/May/23 1:50 PM,14/May/23 2:27 PM,14/May/23 2:27 PM,,,0,"T*est objective:* To verify that the user is able to add a product to the basket successfully.

*Test steps:*

# Load the product subpage.
# Click on the ""Add to Basket"" button.
# Navigate to the basket subpage. 

*Expected result:* The product should be added to the basket and the basket subpage should reflect the added product. ",,Kokosz,712020:db1a0d50-6911-4364-8eba-7aea2f3a676f,,,,,,,,,,,,CS-27,,,,,,,,{},,CS-25,Managing User Basket,,,,,,,0|i00090:99,,Managin Basket,,,,,,,,,,No Category
Load Basket Subpage Test,CS-45,10062,Test case,PASSED,CS,Cloth Shop,software,Kokosz,712020:db1a0d50-6911-4364-8eba-7aea2f3a676f,,,Medium,,Kokosz,712020:db1a0d50-6911-4364-8eba-7aea2f3a676f,Kokosz,712020:db1a0d50-6911-4364-8eba-7aea2f3a676f,Kokosz,712020:db1a0d50-6911-4364-8eba-7aea2f3a676f,08/May/23 10:59 PM,14/May/23 2:27 PM,14/May/23 2:32 PM,,,0,"*Test objective:* To verify that the Basket Subpage loads correctly

*Test steps:*

# Open the Main Page in a web browser.
# Click on “Basket“ link in the navigation bar.
# Wait for the Basket Subpage to load completely.

*Expected result:* Basket Subpage is displayed correctly",,Kokosz,712020:db1a0d50-6911-4364-8eba-7aea2f3a676f,,,,,,,,,,,,CS-26,CS-28,,,,,,,{},,CS-25,Managing User Basket,,,,,,,0|i00090:9,,Managin Basket,,,,,,,,,,No Category
Create Account Test,CS-44,10061,Test case,Closed,CS,Cloth Shop,software,Kokosz,712020:db1a0d50-6911-4364-8eba-7aea2f3a676f,,,Medium,,Kokosz,712020:db1a0d50-6911-4364-8eba-7aea2f3a676f,Kokosz,712020:db1a0d50-6911-4364-8eba-7aea2f3a676f,Kokosz,712020:db1a0d50-6911-4364-8eba-7aea2f3a676f,08/May/23 9:21 PM,14/May/23 11:30 AM,14/May/23 11:30 AM,,,0,"*Test objective:* To verify if a new user account can be successfully created on the website. Test steps:

*Test steps:*

# Launch the website
# Make sure that you are not logged in
# Click on the ""Create Account"" link on the navigation bar.
# Enter valid information into all required fields on the account creation form.
# Submit the form by clicking the ""Create account"" button with a link.
# Verify that the user is redirected to the account page after successful account creation

*Expected result:*

* The user should be able to successfully create a new account on the website.",,Kokosz,712020:db1a0d50-6911-4364-8eba-7aea2f3a676f,,,,,,,,,,,,CS-23,,,,,,,,{},,CS-20,User Account Creation,,,,,,,0|i000cn:,,,,,,,,,,,,Done
Load Create Account Subpage and check if it is linked Test,CS-43,10060,Test case,Closed,CS,Cloth Shop,software,Kokosz,712020:db1a0d50-6911-4364-8eba-7aea2f3a676f,,,Medium,,Kokosz,712020:db1a0d50-6911-4364-8eba-7aea2f3a676f,Kokosz,712020:db1a0d50-6911-4364-8eba-7aea2f3a676f,Kokosz,712020:db1a0d50-6911-4364-8eba-7aea2f3a676f,08/May/23 5:42 PM,14/May/23 11:30 AM,14/May/23 11:23 AM,,,0,"*Test objective:* To verify that the Create Account subpage is present on the website and user can acces it

*Test steps:*

# Launch the website
# Make sure that you are not logged in
# Click on the ""Login"" link in the navigation bar
# Click on the “Create account“ button with a link
# Check if the Create Account subpage is loaded

*Expected result:* The Create Account subpage should be present on the website and should be loaded successfully.",,Kokosz,712020:db1a0d50-6911-4364-8eba-7aea2f3a676f,,,,,,,,,,,,CS-21,CS-22,,,,,,,{},,CS-20,User Account Creation,,,,,,,0|i000cf:,,,,,,,,,,,,Done
Filter Logic Test,CS-42,10059,Test case,Closed,CS,Cloth Shop,software,Kokosz,712020:db1a0d50-6911-4364-8eba-7aea2f3a676f,,,Medium,,Kokosz,712020:db1a0d50-6911-4364-8eba-7aea2f3a676f,Kokosz,712020:db1a0d50-6911-4364-8eba-7aea2f3a676f,Kokosz,712020:db1a0d50-6911-4364-8eba-7aea2f3a676f,08/May/23 4:29 PM,14/May/23 11:29 AM,09/May/23 2:01 PM,,,0,"*Test objective:* To verify if the filter logic is working properly and filtering products based on selected checkboxes and price range.

*Test steps:*

# Open the product catalog subpage
# Check some of the filter options (e.g. man, jeans, etc.)
# Select a price range
# Click on the 'Filter' button
# Verify that the products displayed on the page have been filtered based on the selected options and price range
# Check if the filtered products are displayed correctly, including their name, image, description, and price

*Expected result:* The products displayed on the page should be filtered based on the selected options and price range. The filtered products should be displayed correctly, including their name, image and price.",,Kokosz,712020:db1a0d50-6911-4364-8eba-7aea2f3a676f,,,,,,,,,,,,CS-19,,,,,,,,{},,CS-17,Product Filtering,,,,,,,0|i000c7:,,,,,,,,,,,,Done
Filter UI presence Test,CS-41,10058,Test case,Closed,CS,Cloth Shop,software,Kokosz,712020:db1a0d50-6911-4364-8eba-7aea2f3a676f,,,Medium,,Kokosz,712020:db1a0d50-6911-4364-8eba-7aea2f3a676f,Kokosz,712020:db1a0d50-6911-4364-8eba-7aea2f3a676f,Kokosz,712020:db1a0d50-6911-4364-8eba-7aea2f3a676f,08/May/23 4:26 PM,14/May/23 11:29 AM,14/May/23 2:19 PM,,,0,"*Test objective:* To verify if the filter UI is present on the product catalog subpage 

*Test steps:*

# Navigate to the product catalog subpage
# Look for the filter UI on the page 

*Expected result:* The filter UI should be present on the product catalog subpage",,Kokosz,712020:db1a0d50-6911-4364-8eba-7aea2f3a676f,,,,,,,,,,,,CS-18,,,,,,,,{},,CS-17,Product Filtering,,,,,,,0|i000bz:,,,,,,,,,,,,Done
Load Product Catalog Subpage,CS-40,10057,Test case,Closed,CS,Cloth Shop,software,Kokosz,712020:db1a0d50-6911-4364-8eba-7aea2f3a676f,,,Medium,,Kokosz,712020:db1a0d50-6911-4364-8eba-7aea2f3a676f,Kokosz,712020:db1a0d50-6911-4364-8eba-7aea2f3a676f,Kokosz,712020:db1a0d50-6911-4364-8eba-7aea2f3a676f,08/May/23 4:12 PM,14/May/23 11:29 AM,14/May/23 2:19 PM,,,0,"*Test objective:* To verify that the user can successfully load the product catalog subpage 

*Test steps:*

# Open the Main Page
# Click on the ""Cloth"" link in the navigation bar
# Wait for the product catalog subpage to load

*Expected result:* The product catalog subpage should load without any errors or delays",,Kokosz,712020:db1a0d50-6911-4364-8eba-7aea2f3a676f,,,,,,,,,,,,CS-13,CS-14,,,,,,,{},,CS-12,Product Catalog,,,,,,,0|i000br:,,,,,,,,,,,,Done
User Logout Test,CS-39,10056,Test case,Closed,CS,Cloth Shop,software,Kokosz,712020:db1a0d50-6911-4364-8eba-7aea2f3a676f,,,Medium,,Kokosz,712020:db1a0d50-6911-4364-8eba-7aea2f3a676f,Kokosz,712020:db1a0d50-6911-4364-8eba-7aea2f3a676f,Kokosz,712020:db1a0d50-6911-4364-8eba-7aea2f3a676f,08/May/23 4:08 PM,14/May/23 11:27 AM,09/May/23 2:03 PM,,,0,"*Test objective:* To verify that user can successfully logout from the website. 

*Test steps:*

# Navigate to the website and log in using valid username and password.
# Click on the logout link.
# Verify that the user is logged out.

*Expected result:* User should be successfully logged out of the website and should not be able to access any secure pages or features.",,Kokosz,712020:db1a0d50-6911-4364-8eba-7aea2f3a676f,,,,,,,,,,,,CS-11,,,,,,,,{},,CS-7,User Authentication,,,,,,,0|i000bj:,,,,,,,,,,,,Done
User Login Test,CS-38,10055,Test case,Closed,CS,Cloth Shop,software,Kokosz,712020:db1a0d50-6911-4364-8eba-7aea2f3a676f,,,Medium,,Kokosz,712020:db1a0d50-6911-4364-8eba-7aea2f3a676f,Kokosz,712020:db1a0d50-6911-4364-8eba-7aea2f3a676f,Kokosz,712020:db1a0d50-6911-4364-8eba-7aea2f3a676f,08/May/23 4:04 PM,14/May/23 11:27 AM,14/May/23 2:14 PM,,,0,"*Test objective:* To verify that a registered user can successfully login to the website 

*Test steps:*

# Navigate to the login page
# Enter valid login credentials (username and password)
# Click on the login button 

*Expected result:* The user should be redirected to the account subpage of the website and a message with user username should be located on the navigation bat",,Kokosz,712020:db1a0d50-6911-4364-8eba-7aea2f3a676f,,,,,,,,,,,,CS-10,,,,,,,,{},,CS-7,User Authentication,,,,,,,0|i000bb:,,,,,,,,,,,,Done
 Login and Account subpages loading,CS-37,10054,Test case,Closed,CS,Cloth Shop,software,Kokosz,712020:db1a0d50-6911-4364-8eba-7aea2f3a676f,,,Medium,,Kokosz,712020:db1a0d50-6911-4364-8eba-7aea2f3a676f,Kokosz,712020:db1a0d50-6911-4364-8eba-7aea2f3a676f,Kokosz,712020:db1a0d50-6911-4364-8eba-7aea2f3a676f,08/May/23 4:01 PM,14/May/23 11:26 AM,14/May/23 2:14 PM,,,0,"*Test objective:* To verify that the Login and Account subpages are loading without any errors or issues.

*Test steps:*

# Open the web application.
# Click on the ""Login"" link in the navigation bar.
# Check that the Login subpage is loaded successfully and without any errors.
# Click on the ""Create Account"" link in the Login subpage.
# Check that the Account subpage is loaded successfully and without any errors.

*Expected result:*

# The web application loads successfully.
# The ""Login"" link in the navigation bar is clickable.
# The Login subpage is loaded successfully and without any errors.
# The ""Create Account"" link in the Login subpage is clickable.
# The Account subpage is loaded successfully and without any errors.",,Kokosz,712020:db1a0d50-6911-4364-8eba-7aea2f3a676f,,,,,,,,,,,,CS-8,CS-9,,,,,,,{},,CS-7,User Authentication,,,,,,,0|i000b3:,,,,,,,,,,,,Done
Nagivation Bar Loading Test,CS-36,10053,Test case,Closed,CS,Cloth Shop,software,Kokosz,712020:db1a0d50-6911-4364-8eba-7aea2f3a676f,,,Medium,,Kokosz,712020:db1a0d50-6911-4364-8eba-7aea2f3a676f,Kokosz,712020:db1a0d50-6911-4364-8eba-7aea2f3a676f,Kokosz,712020:db1a0d50-6911-4364-8eba-7aea2f3a676f,08/May/23 3:12 PM,14/May/23 11:25 AM,14/May/23 2:26 PM,,,0,"*Test objective:* To verify that the navigation bar has loaded on the webpage.

*Test steps:*

# Open the web page in a web browser.
# Look for the navigation bar element on the webpage.
# Verify that the navigation bar is visible and displayed correctly.

*Expected result:* The navigation bar should be visible and displayed correctly on the webpage.",,Kokosz,712020:db1a0d50-6911-4364-8eba-7aea2f3a676f,,,,,,,,,,,,CS-5,,,,,,,,{},,CS-3,Main Page and Navigation Bar Creation,,,,,,,0|i000av:,,,,,,,,,,,,Done
Load Main Page Test,CS-35,10052,Test case,Closed,CS,Cloth Shop,software,Kokosz,712020:db1a0d50-6911-4364-8eba-7aea2f3a676f,,,Medium,,Kokosz,712020:db1a0d50-6911-4364-8eba-7aea2f3a676f,Kokosz,712020:db1a0d50-6911-4364-8eba-7aea2f3a676f,Kokosz,712020:db1a0d50-6911-4364-8eba-7aea2f3a676f,08/May/23 3:12 PM,14/May/23 11:25 AM,14/May/23 11:27 AM,,,0,"*Test objective:* To verify that the main page loads correctly

*Test steps:*

# Open the main page in a web browser.
# Wait for the main page to load completely.

*Expected result:* main page is displayed correctly",,Kokosz,712020:db1a0d50-6911-4364-8eba-7aea2f3a676f,,,,,,,,,,,,CS-4,,,,,,,,{},,CS-3,Main Page and Navigation Bar Creation,,,,,,,0|i000an:,,,,,,,,,,,,Done
Add Functionality to Product Subpage Template,CS-33,10050,New Feature,To Do,CS,Cloth Shop,software,Kokosz,712020:db1a0d50-6911-4364-8eba-7aea2f3a676f,,,Medium,,Kokosz,712020:db1a0d50-6911-4364-8eba-7aea2f3a676f,Kokosz,712020:db1a0d50-6911-4364-8eba-7aea2f3a676f,Kokosz,712020:db1a0d50-6911-4364-8eba-7aea2f3a676f,07/May/23 2:00 PM,14/May/23 2:47 PM,14/May/23 2:47 PM,,,0,"Add all necessary functionalities to the product subpage template, such as the ability to add the product to the basket.",,Kokosz,712020:db1a0d50-6911-4364-8eba-7aea2f3a676f,,,,,,,,,CS-49,,,,,,,,,,,{},,CS-30,Subpage for Every Product,,,,,,,0|i0009q:7,,,,,,,,,,,,To Do
Modify Product Templates on Products Subpage,CS-32,10049,New Feature,To Do,CS,Cloth Shop,software,Kokosz,712020:db1a0d50-6911-4364-8eba-7aea2f3a676f,,,Medium,,Kokosz,712020:db1a0d50-6911-4364-8eba-7aea2f3a676f,Kokosz,712020:db1a0d50-6911-4364-8eba-7aea2f3a676f,Kokosz,712020:db1a0d50-6911-4364-8eba-7aea2f3a676f,07/May/23 2:00 PM,14/May/23 2:47 PM,14/May/23 2:47 PM,,,0,Modify the product templates on the main products subpage to include a link to the corresponding product subpage.,,Kokosz,712020:db1a0d50-6911-4364-8eba-7aea2f3a676f,,,,,,,,,,,,,,,,,,,,{},,CS-30,Subpage for Every Product,,,,,,,0|i0009q:4,,,,,,,,,,,,To Do
Create Product Subpage Template,CS-31,10048,New Feature,To Do,CS,Cloth Shop,software,Kokosz,712020:db1a0d50-6911-4364-8eba-7aea2f3a676f,,,Medium,,Kokosz,712020:db1a0d50-6911-4364-8eba-7aea2f3a676f,Kokosz,712020:db1a0d50-6911-4364-8eba-7aea2f3a676f,Kokosz,712020:db1a0d50-6911-4364-8eba-7aea2f3a676f,07/May/23 2:00 PM,14/May/23 2:47 PM,14/May/23 2:47 PM,,,0,Create a template for the subpages that will display individual product information.Ensure the template includes all necessary information and sections for a complete product page,,Kokosz,712020:db1a0d50-6911-4364-8eba-7aea2f3a676f,,,,,,,,,CS-49,,,,,,,,,,,{},,CS-30,Subpage for Every Product,,,,,,,0|i0009q:2,,,,,,,,,,,,To Do
Subpage for Every Product,CS-30,10047,Epic,To Do,CS,Cloth Shop,software,Kokosz,712020:db1a0d50-6911-4364-8eba-7aea2f3a676f,,,Medium,,Kokosz,712020:db1a0d50-6911-4364-8eba-7aea2f3a676f,Kokosz,712020:db1a0d50-6911-4364-8eba-7aea2f3a676f,Kokosz,712020:db1a0d50-6911-4364-8eba-7aea2f3a676f,07/May/23 1:48 PM,14/May/23 2:27 PM,14/May/23 2:27 PM,,,0,Create subpage for every product with its detail infromation,,Kokosz,712020:db1a0d50-6911-4364-8eba-7aea2f3a676f,,,,,,,,,,,,,,,,,,,,{},ghx-label-7,,,Subpage for every product,To Do,,purple,,,0|i0009r:,,,,,,,,,,,,To Do
Remove Product from Basket,CS-29,10046,New Feature,In Review,CS,Cloth Shop,software,Kokosz,712020:db1a0d50-6911-4364-8eba-7aea2f3a676f,,,Medium,,Kokosz,712020:db1a0d50-6911-4364-8eba-7aea2f3a676f,Kokosz,712020:db1a0d50-6911-4364-8eba-7aea2f3a676f,Kokosz,712020:db1a0d50-6911-4364-8eba-7aea2f3a676f,07/May/23 1:39 PM,14/May/23 2:27 PM,14/May/23 2:27 PM,,,0,"Add the functionality to allow users to remove products from their basket. When a user selects the ""Bin"" icon under a product in their basket, the item will be removed from their basket.",,Kokosz,712020:db1a0d50-6911-4364-8eba-7aea2f3a676f,,,,,,,,,CS-47,CS-52,,,,,,,,,,{},,CS-25,Managing User Basket,,,,,,,0|i00090:4,,Managin Basket,,,,,,,,,,In Progress
Link Basket Subpage to Main Page,CS-28,10045,New Feature,In Review,CS,Cloth Shop,software,Kokosz,712020:db1a0d50-6911-4364-8eba-7aea2f3a676f,,,Medium,,Kokosz,712020:db1a0d50-6911-4364-8eba-7aea2f3a676f,Kokosz,712020:db1a0d50-6911-4364-8eba-7aea2f3a676f,Kokosz,712020:db1a0d50-6911-4364-8eba-7aea2f3a676f,07/May/23 1:39 PM,14/May/23 2:27 PM,14/May/23 2:26 PM,,,0,"Add a link to the newly created basket subpage in the navigation bar, making it easily accessible for users.",,Kokosz,712020:db1a0d50-6911-4364-8eba-7aea2f3a676f,,,,,,,,,CS-45,,,,,,,,,,,{},,CS-25,Managing User Basket,,,,,,,0|i0008z:,,Managin Basket,,,,,,,,,,In Progress
Add Product to Basket,CS-27,10044,New Feature,In Review,CS,Cloth Shop,software,Kokosz,712020:db1a0d50-6911-4364-8eba-7aea2f3a676f,,,Medium,,Kokosz,712020:db1a0d50-6911-4364-8eba-7aea2f3a676f,Kokosz,712020:db1a0d50-6911-4364-8eba-7aea2f3a676f,Kokosz,712020:db1a0d50-6911-4364-8eba-7aea2f3a676f,07/May/23 1:39 PM,14/May/23 2:26 PM,14/May/23 2:26 PM,,,0,"Add the functionality that allows users to add products to their basket. When a user selects the ""Add to basket"" icon on a product page, the item will be added to their basket.",,Kokosz,712020:db1a0d50-6911-4364-8eba-7aea2f3a676f,,,,,,,,,CS-46,,,,,,,,,,,{},,CS-25,Managing User Basket,,,,,,,0|i0008x:,,Managin Basket,,,,,,,,,,In Progress
Create Basket Subpage,CS-26,10043,New Feature,Done,CS,Cloth Shop,software,Kokosz,712020:db1a0d50-6911-4364-8eba-7aea2f3a676f,,,Medium,Done,Kokosz,712020:db1a0d50-6911-4364-8eba-7aea2f3a676f,Kokosz,712020:db1a0d50-6911-4364-8eba-7aea2f3a676f,Kokosz,712020:db1a0d50-6911-4364-8eba-7aea2f3a676f,07/May/23 1:39 PM,14/May/23 2:26 PM,14/May/23 2:26 PM,14/May/23 11:21 AM,,0,Create a new subpage specifically for a user's basket. The page will display a list of all the items that the user has added to their basket.,,Kokosz,712020:db1a0d50-6911-4364-8eba-7aea2f3a676f,,,,,,,,,CS-45,,,,,,,,,,,{},,CS-25,Managing User Basket,,,,,,,0|i0008v:,,,,,,,,,,,,Done
Managing User Basket,CS-25,10042,Epic,In Review,CS,Cloth Shop,software,Kokosz,712020:db1a0d50-6911-4364-8eba-7aea2f3a676f,,,Medium,,Kokosz,712020:db1a0d50-6911-4364-8eba-7aea2f3a676f,Kokosz,712020:db1a0d50-6911-4364-8eba-7aea2f3a676f,Kokosz,712020:db1a0d50-6911-4364-8eba-7aea2f3a676f,07/May/23 1:19 PM,14/May/23 2:36 PM,14/May/23 2:35 PM,,,0,Create ability for user to manage his basket,,Kokosz,712020:db1a0d50-6911-4364-8eba-7aea2f3a676f,,,,,,,,,,,,,,,,,,,,{},ghx-label-7,,,Managing User Basket,To Do,,purple,,,0|i0008n:,,,,,,,,,,,,In Progress
Add User to Database,CS-24,10041,New Feature,Done,CS,Cloth Shop,software,Kokosz,712020:db1a0d50-6911-4364-8eba-7aea2f3a676f,,,Medium,Done,Kokosz,712020:db1a0d50-6911-4364-8eba-7aea2f3a676f,Kokosz,712020:db1a0d50-6911-4364-8eba-7aea2f3a676f,Kokosz,712020:db1a0d50-6911-4364-8eba-7aea2f3a676f,07/May/23 1:13 PM,07/May/23 1:14 PM,14/May/23 11:30 AM,07/May/23 1:13 PM,,0,"After validating the user input, the new user account needs to be added to the database. This task involves creating the necessary code to add the new user account to the database so that they can log in and access the website.",,Kokosz,712020:db1a0d50-6911-4364-8eba-7aea2f3a676f,,,,,,,,,,,,,,,,,,,,{},,CS-20,User Account Creation,,,,,,,0|i0008f:,,,,,,,,,,,,Done
Validate User Input,CS-23,10040,New Feature,Done,CS,Cloth Shop,software,Kokosz,712020:db1a0d50-6911-4364-8eba-7aea2f3a676f,,,Medium,Done,Kokosz,712020:db1a0d50-6911-4364-8eba-7aea2f3a676f,Kokosz,712020:db1a0d50-6911-4364-8eba-7aea2f3a676f,Kokosz,712020:db1a0d50-6911-4364-8eba-7aea2f3a676f,07/May/23 1:13 PM,14/May/23 11:30 AM,14/May/23 11:30 AM,07/May/23 1:13 PM,,0,"In this task, you need to ensure that the user inputs valid information while creating their account. This means checking if the user has entered all required information and that the entered information is in the correct format.",,Kokosz,712020:db1a0d50-6911-4364-8eba-7aea2f3a676f,,,,,,,,,CS-44,,,,,,,,,,,{},,CS-20,User Account Creation,,,,,,,0|i00087:,,,,,,,,,,,,Done
"Link ""Create Account"" Subpage with ""Login"" subpage",CS-22,10039,New Feature,Done,CS,Cloth Shop,software,Kokosz,712020:db1a0d50-6911-4364-8eba-7aea2f3a676f,,,Medium,Done,Kokosz,712020:db1a0d50-6911-4364-8eba-7aea2f3a676f,Kokosz,712020:db1a0d50-6911-4364-8eba-7aea2f3a676f,Kokosz,712020:db1a0d50-6911-4364-8eba-7aea2f3a676f,07/May/23 1:11 PM,14/May/23 11:30 AM,14/May/23 11:30 AM,07/May/23 1:12 PM,,0,"This task involves linking the newly created ""Create Account"" subpage with the “Login“ subpage by placing button “Creating account“",,Kokosz,712020:db1a0d50-6911-4364-8eba-7aea2f3a676f,,,,,,,,,CS-43,,,,,,,,,,,{},,CS-20,User Account Creation,,,,,,,0|i0007z:,,,,,,,,,,,,Done
"Create ""Create Account"" Subpage",CS-21,10038,New Feature,Done,CS,Cloth Shop,software,Kokosz,712020:db1a0d50-6911-4364-8eba-7aea2f3a676f,,,Medium,Done,Kokosz,712020:db1a0d50-6911-4364-8eba-7aea2f3a676f,Kokosz,712020:db1a0d50-6911-4364-8eba-7aea2f3a676f,Kokosz,712020:db1a0d50-6911-4364-8eba-7aea2f3a676f,07/May/23 1:11 PM,14/May/23 11:30 AM,14/May/23 11:30 AM,07/May/23 1:13 PM,,0,"This task involves creating a new subpage for the website where users can create their account. The subpage should have fields for users to enter their name, email and password.",,Kokosz,712020:db1a0d50-6911-4364-8eba-7aea2f3a676f,,,,,,,,,CS-43,,,,,,,,,,,{},,CS-20,User Account Creation,,,,,,,0|i0007r:,,,,,,,,,,,,Done
User Account Creation,CS-20,10037,Epic,Done,CS,Cloth Shop,software,Kokosz,712020:db1a0d50-6911-4364-8eba-7aea2f3a676f,,,Medium,Done,Kokosz,712020:db1a0d50-6911-4364-8eba-7aea2f3a676f,Kokosz,712020:db1a0d50-6911-4364-8eba-7aea2f3a676f,Kokosz,712020:db1a0d50-6911-4364-8eba-7aea2f3a676f,07/May/23 1:11 PM,08/May/23 9:21 PM,08/May/23 9:21 PM,07/May/23 1:11 PM,,0,Implement ability for user to create an account,,Kokosz,712020:db1a0d50-6911-4364-8eba-7aea2f3a676f,,,,,,,,,,,,,,,,,,,,{},ghx-label-7,,,User Account Creation,To Do,,purple,,,0|i0007j:,,,,,,,,,,,,Done
Filter Logic,CS-19,10036,New Feature,Done,CS,Cloth Shop,software,Kokosz,712020:db1a0d50-6911-4364-8eba-7aea2f3a676f,,,Medium,Done,Kokosz,712020:db1a0d50-6911-4364-8eba-7aea2f3a676f,Kokosz,712020:db1a0d50-6911-4364-8eba-7aea2f3a676f,Kokosz,712020:db1a0d50-6911-4364-8eba-7aea2f3a676f,07/May/23 1:05 PM,14/May/23 11:29 AM,14/May/23 11:29 AM,07/May/23 1:05 PM,,0,Develop the backend logic to manage the filter options that are available to the user.,,Kokosz,712020:db1a0d50-6911-4364-8eba-7aea2f3a676f,,,,,,,,,CS-42,,,,,,,,,,,{},,CS-17,Product Filtering,,,,,,,0|i0007b:,,,,,,,,,,,,Done
Product Filter User Interface (UI),CS-18,10035,New Feature,Done,CS,Cloth Shop,software,Kokosz,712020:db1a0d50-6911-4364-8eba-7aea2f3a676f,,,Medium,Done,Kokosz,712020:db1a0d50-6911-4364-8eba-7aea2f3a676f,Kokosz,712020:db1a0d50-6911-4364-8eba-7aea2f3a676f,Kokosz,712020:db1a0d50-6911-4364-8eba-7aea2f3a676f,07/May/23 1:05 PM,14/May/23 11:29 AM,14/May/23 11:29 AM,07/May/23 1:05 PM,,0,Design and create a user interface for the product filter options on the product subpage. This should include selecting filter criteria and applying filters.,,Kokosz,712020:db1a0d50-6911-4364-8eba-7aea2f3a676f,,,,,,,,,CS-41,,,,,,,,,,,{},,CS-17,Product Filtering,,,,,,,0|i00073:,,,,,,,,,,,,Done
Product Filtering,CS-17,10034,Epic,Done,CS,Cloth Shop,software,Kokosz,712020:db1a0d50-6911-4364-8eba-7aea2f3a676f,,,Medium,Done,Kokosz,712020:db1a0d50-6911-4364-8eba-7aea2f3a676f,Kokosz,712020:db1a0d50-6911-4364-8eba-7aea2f3a676f,Kokosz,712020:db1a0d50-6911-4364-8eba-7aea2f3a676f,07/May/23 1:04 PM,08/May/23 4:29 PM,08/May/23 4:28 PM,07/May/23 1:05 PM,,0,Implement ability that would allow user to filter products on a product subpage,,Kokosz,712020:db1a0d50-6911-4364-8eba-7aea2f3a676f,,,,,,,,,,,,,,,,,,,,{},ghx-label-7,,,Product Filtering,To Do,,purple,,,0|i0006v:,,,,,,,,,,,,Done
Create Product Template for Dynamic Display,CS-16,10033,New Feature,Done,CS,Cloth Shop,software,Kokosz,712020:db1a0d50-6911-4364-8eba-7aea2f3a676f,,,Medium,Done,Kokosz,712020:db1a0d50-6911-4364-8eba-7aea2f3a676f,Kokosz,712020:db1a0d50-6911-4364-8eba-7aea2f3a676f,Kokosz,712020:db1a0d50-6911-4364-8eba-7aea2f3a676f,07/May/23 12:58 PM,07/May/23 1:01 PM,14/May/23 2:19 PM,07/May/23 12:58 PM,,0,Develop a product template that will dynamically create product displays using data from the database.,,Kokosz,712020:db1a0d50-6911-4364-8eba-7aea2f3a676f,,,,,,,,,,,,,,,,,,,,{},,CS-12,Product Catalog,,,,,,,0|i0006n:,,,,,,,,,,,,Done
Add Products Table to the Database,CS-15,10032,New Feature,Done,CS,Cloth Shop,software,Kokosz,712020:db1a0d50-6911-4364-8eba-7aea2f3a676f,,,Medium,Done,Kokosz,712020:db1a0d50-6911-4364-8eba-7aea2f3a676f,Kokosz,712020:db1a0d50-6911-4364-8eba-7aea2f3a676f,Kokosz,712020:db1a0d50-6911-4364-8eba-7aea2f3a676f,07/May/23 12:58 PM,07/May/23 1:00 PM,14/May/23 3:41 PM,07/May/23 12:58 PM,,0,"Create a database table for storing product details, such as name, description, price, and image.",,Kokosz,712020:db1a0d50-6911-4364-8eba-7aea2f3a676f,,,,,,,,,,,,,,,,,,,,{},,CS-12,Product Catalog,,,,,,,0|i0006f:,,,,,,,,,,,,Done
Link Products Subpage with Main Page in Navigation Bar,CS-14,10031,New Feature,Done,CS,Cloth Shop,software,Kokosz,712020:db1a0d50-6911-4364-8eba-7aea2f3a676f,,,Medium,Done,Kokosz,712020:db1a0d50-6911-4364-8eba-7aea2f3a676f,Kokosz,712020:db1a0d50-6911-4364-8eba-7aea2f3a676f,Kokosz,712020:db1a0d50-6911-4364-8eba-7aea2f3a676f,07/May/23 12:58 PM,14/May/23 11:29 AM,14/May/23 11:28 AM,07/May/23 12:58 PM,,0,Add link to the Products subpage in a navigation bar.,,Kokosz,712020:db1a0d50-6911-4364-8eba-7aea2f3a676f,,,,,,,,,CS-40,,,,,,,,,,,{},,CS-12,Product Catalog,,,,,,,0|i00067:,,,,,,,,,,,,Done
Create Products Subpage,CS-13,10030,New Feature,Done,CS,Cloth Shop,software,Kokosz,712020:db1a0d50-6911-4364-8eba-7aea2f3a676f,,,Medium,Done,Kokosz,712020:db1a0d50-6911-4364-8eba-7aea2f3a676f,Kokosz,712020:db1a0d50-6911-4364-8eba-7aea2f3a676f,Kokosz,712020:db1a0d50-6911-4364-8eba-7aea2f3a676f,07/May/23 12:58 PM,14/May/23 11:28 AM,14/May/23 11:28 AM,07/May/23 12:58 PM,,0,Design and develop a subpage for displaying products on the website.,,Kokosz,712020:db1a0d50-6911-4364-8eba-7aea2f3a676f,,,,,,,,,CS-40,,,,,,,,,,,{},,CS-12,Product Catalog,,,,,,,0|i0005z:,,,,,,,,,,,,Done
Product Catalog,CS-12,10029,Epic,Done,CS,Cloth Shop,software,Kokosz,712020:db1a0d50-6911-4364-8eba-7aea2f3a676f,,,Medium,Done,Kokosz,712020:db1a0d50-6911-4364-8eba-7aea2f3a676f,Kokosz,712020:db1a0d50-6911-4364-8eba-7aea2f3a676f,Kokosz,712020:db1a0d50-6911-4364-8eba-7aea2f3a676f,07/May/23 12:53 PM,13/May/23 4:15 PM,14/May/23 3:41 PM,07/May/23 12:53 PM,,0,The Product Catalog feature allows the users to view all available products on the website.,,Kokosz,712020:db1a0d50-6911-4364-8eba-7aea2f3a676f,,,,,,,,,,,,,,,,,,,,{},ghx-label-7,,,Product Catalog,To Do,,purple,,,0|i0005r:,,,,,,,,,,,,Done
Create Logout Functionality,CS-11,10028,New Feature,Done,CS,Cloth Shop,software,Kokosz,712020:db1a0d50-6911-4364-8eba-7aea2f3a676f,,,High,Done,Kokosz,712020:db1a0d50-6911-4364-8eba-7aea2f3a676f,Kokosz,712020:db1a0d50-6911-4364-8eba-7aea2f3a676f,Kokosz,712020:db1a0d50-6911-4364-8eba-7aea2f3a676f,07/May/23 12:49 PM,14/May/23 11:27 AM,14/May/23 11:27 AM,07/May/23 12:50 PM,,0,"Add a logout button to the navigation bar or account page, and implement the logout functionality to allow users to safely log out of their accounts.",,Kokosz,712020:db1a0d50-6911-4364-8eba-7aea2f3a676f,,,,,,,,,CS-39,,,,,,,,,,,{},,CS-7,User Authentication,,,,,,,0|i0005j:,,,,,,,,,,,,Done
Implement User Authentication,CS-10,10027,New Feature,Done,CS,Cloth Shop,software,Kokosz,712020:db1a0d50-6911-4364-8eba-7aea2f3a676f,,,High,Done,Kokosz,712020:db1a0d50-6911-4364-8eba-7aea2f3a676f,Kokosz,712020:db1a0d50-6911-4364-8eba-7aea2f3a676f,Kokosz,712020:db1a0d50-6911-4364-8eba-7aea2f3a676f,07/May/23 12:49 PM,14/May/23 2:18 PM,14/May/23 2:18 PM,07/May/23 12:49 PM,,0,"Create a user table in the MySQL database and implement authentication logic in the web application to only allow registered users to log in. Upon successful authentication, users will be redirected to account subpage",,Kokosz,712020:db1a0d50-6911-4364-8eba-7aea2f3a676f,,,,,,,,,CS-38,CS-50,CS-51,,,,,,,,,{},,CS-7,User Authentication,,,,,,,0|i0005b:,,,,,,,,,,,,Done
Integrate Login and Account Subpages with Navigation Bar,CS-9,10026,New Feature,Done,CS,Cloth Shop,software,Kokosz,712020:db1a0d50-6911-4364-8eba-7aea2f3a676f,,,Medium,Done,Kokosz,712020:db1a0d50-6911-4364-8eba-7aea2f3a676f,Kokosz,712020:db1a0d50-6911-4364-8eba-7aea2f3a676f,Kokosz,712020:db1a0d50-6911-4364-8eba-7aea2f3a676f,07/May/23 12:49 PM,14/May/23 11:26 AM,14/May/23 11:26 AM,07/May/23 12:49 PM,,0,Add links to the login and account subpages in the navigation bar on the main page to allow users to easily access these pages.,,Kokosz,712020:db1a0d50-6911-4364-8eba-7aea2f3a676f,,,,,,,,,CS-37,,,,,,,,,,,{},,CS-7,User Authentication,,,,,,,0|i00053:,,,,,,,,,,,,Done
Create Login and Account Subpages,CS-8,10025,New Feature,Done,CS,Cloth Shop,software,Kokosz,712020:db1a0d50-6911-4364-8eba-7aea2f3a676f,,,High,Done,Kokosz,712020:db1a0d50-6911-4364-8eba-7aea2f3a676f,Kokosz,712020:db1a0d50-6911-4364-8eba-7aea2f3a676f,Kokosz,712020:db1a0d50-6911-4364-8eba-7aea2f3a676f,07/May/23 12:49 PM,14/May/23 11:26 AM,14/May/23 11:26 AM,07/May/23 12:49 PM,,0,"Design and implement the login and account subpages with appropriate forms and input fields to allow users to enter their login credentials, create new accounts and update their account information.",,Kokosz,712020:db1a0d50-6911-4364-8eba-7aea2f3a676f,,,,,,,,,CS-37,,,,,,,,,,,{},,CS-7,User Authentication,,,,,,,0|i0004v:,,,,,,,,,,,,Done
User Authentication,CS-7,10024,Epic,Done,CS,Cloth Shop,software,Kokosz,712020:db1a0d50-6911-4364-8eba-7aea2f3a676f,,,High,Done,Kokosz,712020:db1a0d50-6911-4364-8eba-7aea2f3a676f,Kokosz,712020:db1a0d50-6911-4364-8eba-7aea2f3a676f,Kokosz,712020:db1a0d50-6911-4364-8eba-7aea2f3a676f,07/May/23 12:49 PM,14/May/23 2:17 PM,14/May/23 2:17 PM,07/May/23 12:50 PM,,0,,,Kokosz,712020:db1a0d50-6911-4364-8eba-7aea2f3a676f,,,,,,,,,,,,,,,,,,,,{},ghx-label-7,,,User Authentication,To Do,,purple,,,0|i0004n:,,,,,,,,,,,,Done
Create MySQL Database and Connect it with a Page,CS-6,10023,New Feature,Done,CS,Cloth Shop,software,Kokosz,712020:db1a0d50-6911-4364-8eba-7aea2f3a676f,,,Medium,Done,Kokosz,712020:db1a0d50-6911-4364-8eba-7aea2f3a676f,Kokosz,712020:db1a0d50-6911-4364-8eba-7aea2f3a676f,Kokosz,712020:db1a0d50-6911-4364-8eba-7aea2f3a676f,07/May/23 12:34 PM,07/May/23 12:52 PM,08/May/23 7:36 PM,07/May/23 12:36 PM,,0,"A MySQL database will be used to store user information and product data. This task involves creating the necessary database as well as configuring the website to interact with the database. Users should be able to create accounts, log in, and add products to their shopping carts, with all information being stored securely in the database.",,Kokosz,712020:db1a0d50-6911-4364-8eba-7aea2f3a676f,,,,,,,,,,,,,,,,,,,,{},,CS-3,Main Page and Navigation Bar Creation,,,,,,,0|i0004f:,,,,,,,,,,,,Done
Create and Add Navigation Bar,CS-5,10022,New Feature,Done,CS,Cloth Shop,software,Kokosz,712020:db1a0d50-6911-4364-8eba-7aea2f3a676f,,,High,Done,Kokosz,712020:db1a0d50-6911-4364-8eba-7aea2f3a676f,Kokosz,712020:db1a0d50-6911-4364-8eba-7aea2f3a676f,Kokosz,712020:db1a0d50-6911-4364-8eba-7aea2f3a676f,07/May/23 12:34 PM,14/May/23 11:25 AM,14/May/23 11:25 AM,07/May/23 12:36 PM,,0,"The navigation bar will allow users to easily access other sections of the website, such as the product catalog, account information, and shopping cart. It should be located at the top of the main page and visible on all other pages of the website. The navigation bar should be intuitive and easy to use.",,Kokosz,712020:db1a0d50-6911-4364-8eba-7aea2f3a676f,,,,,,,,,CS-36,,,,,,,,,,,{},,CS-3,Main Page and Navigation Bar Creation,,,,,,,0|i00047:,,,,,,,,,,,,Done
Create Main Page,CS-4,10021,New Feature,Done,CS,Cloth Shop,software,Kokosz,712020:db1a0d50-6911-4364-8eba-7aea2f3a676f,,,Highest,Done,Kokosz,712020:db1a0d50-6911-4364-8eba-7aea2f3a676f,Kokosz,712020:db1a0d50-6911-4364-8eba-7aea2f3a676f,Kokosz,712020:db1a0d50-6911-4364-8eba-7aea2f3a676f,07/May/23 12:34 PM,14/May/23 11:25 AM,14/May/23 11:25 AM,07/May/23 12:36 PM,,0,"The main page will be the first thing users see when they visit the website. It should contain an attractive design that is consistent with the overall theme of the website. Relevant content, such as featured products or promotions, should be prominently displayed.",,Kokosz,712020:db1a0d50-6911-4364-8eba-7aea2f3a676f,,,,,,,,,CS-35,,,,,,,,,,,{},,CS-3,Main Page and Navigation Bar Creation,,,,,,,0|i0003z:,,,,,,,,,,,,Done
Main Page and Navigation Bar Creation,CS-3,10020,Epic,Done,CS,Cloth Shop,software,Kokosz,712020:db1a0d50-6911-4364-8eba-7aea2f3a676f,,,Highest,Done,Kokosz,712020:db1a0d50-6911-4364-8eba-7aea2f3a676f,Kokosz,712020:db1a0d50-6911-4364-8eba-7aea2f3a676f,Kokosz,712020:db1a0d50-6911-4364-8eba-7aea2f3a676f,07/May/23 12:33 PM,08/May/23 3:12 PM,14/May/23 12:31 PM,07/May/23 12:33 PM,,0,"This feature involves creating the main page for the website, as well as implementing a navigation bar that allows users to easily access other sections of the website.",,Kokosz,712020:db1a0d50-6911-4364-8eba-7aea2f3a676f,,,,,,,,,,,,,,,,,,,,{},ghx-label-10,,,Main Page buildup,To Do,,blue,,,0|i0003r:,,,,,,,,,,,,Done
